country,year,month,lsci
australia,2006,2,139.19
australia,2006,5,141.65
australia,2006,8,142.0
australia,2006,11,140.77
australia,2007,2,141.92
australia,2007,5,146.75
australia,2007,8,146.7
australia,2007,11,147.48
australia,2008,2,152.36
australia,2008,5,157.76
australia,2008,8,161.46
australia,2008,11,156.0
australia,2009,2,151.48
australia,2009,5,150.21
australia,2009,8,143.99
australia,2009,11,146.99
australia,2010,2,145.51
australia,2010,5,148.77
australia,2010,8,154.83
australia,2010,11,160.15
australia,2011,2,157.96
australia,2011,5,156.65
australia,2011,8,157.76
australia,2011,11,150.75
australia,2012,2,147.94
australia,2012,5,145.85
australia,2012,8,145.08
australia,2012,11,149.16
australia,2013,2,152.48
australia,2013,5,146.55
australia,2013,8,152.02
australia,2013,11,154.94
australia,2014,2,156.48
australia,2014,5,159.43
australia,2014,8,158.4
australia,2014,11,162.02
australia,2015,2,159.19
australia,2015,5,153.81
australia,2015,8,154.8
australia,2015,11,155.92
australia,2016,2,157.43
australia,2016,5,154.7
australia,2016,8,156.62
australia,2016,11,157.56
australia,2017,2,148.41
australia,2017,5,142.96
australia,2017,8,147.4
australia,2017,11,145.21
australia,2018,2,142.54
australia,2018,5,146.37
australia,2018,8,145.81
australia,2018,11,145.08
australia,2019,2,146.34
australia,2019,5,150.45
australia,2019,8,144.5
australia,2019,11,141.17
australia,2020,2,138.6
australia,2020,5,137.95
australia,2020,8,140.08
australia,2020,11,145.11
australia,2021,2,148.55
australia,2021,5,147.54
australia,2021,8,145.15
australia,2021,11,145.81
australia,2022,2,148.35
australia,2022,5,150.46
australia,2022,8,148.54
australia,2022,11,150.88
australia,2023,1,149.25
australia,2023,2,148.59
australia,2023,3,145.69
australia,2023,4,151.53
australia,2023,5,152.13
australia,2023,6,152.49
australia,2023,7,152.33
australia,2023,8,153.66
australia,2023,9,153.18
australia,2023,10,150.63
australia,2023,11,144.99
australia,2023,12,145.12
australia,2024,1,144.42
australia,2024,2,144.15
australia,2024,3,143.86
australia,2024,4,144.99
australia,2024,5,144.23
australia,2024,6,141.27
australia,2024,7,141.21
australia,2024,8,139.32
australia,2024,9,138.29
australia,2024,10,140.61
australia,2024,11,141.69
australia,2024,12,141.84
australia,2025,1,142.97
australia,2025,2,142.93
australia,2025,3,142.27
australia,2025,4,142.3
australia,2025,5,142.42
australia,2025,6,140.29
australia,2025,7,139.82
australia,2025,8,141.28
australia,2025,9,141.21
australia,2025,10,142.01
australia,2025,11,143.04
australia,2025,12,142.45
australia,2026,1,142.48
australia,2026,2,144.68
australia,2026,3,144.0
brazil,2006,2,165.34
brazil,2006,5,164.8
brazil,2006,8,160.33
brazil,2006,11,160.18
brazil,2007,2,161.12
brazil,2007,5,166.84
brazil,2007,8,165.23
brazil,2007,11,166.29
brazil,2008,2,167.35
brazil,2008,5,167.52
brazil,2008,8,170.5
brazil,2008,11,172.21
brazil,2009,2,166.76
brazil,2009,5,159.95
brazil,2009,8,155.48
brazil,2009,11,148.37
brazil,2010,2,142.97
brazil,2010,5,147.13
brazil,2010,8,149.54
brazil,2010,11,147.63
brazil,2011,2,146.45
brazil,2011,5,153.38
brazil,2011,8,157.98
brazil,2011,11,154.01
brazil,2012,2,144.83
brazil,2012,5,142.5
brazil,2012,8,144.99
brazil,2012,11,138.64
brazil,2013,2,136.64
brazil,2013,5,137.42
brazil,2013,8,140.27
brazil,2013,11,141.73
brazil,2014,2,135.5
brazil,2014,5,141.54
brazil,2014,8,138.28
brazil,2014,11,136.49
brazil,2015,2,133.27
brazil,2015,5,131.99
brazil,2015,8,133.65
brazil,2015,11,126.91
brazil,2016,2,128.56
brazil,2016,5,130.6
brazil,2016,8,127.97
brazil,2016,11,118.85
brazil,2017,2,115.79
brazil,2017,5,117.91
brazil,2017,8,120.2
brazil,2017,11,120.34
brazil,2018,2,120.01
brazil,2018,5,123.35
brazil,2018,8,122.69
brazil,2018,11,120.16
brazil,2019,2,115.84
brazil,2019,5,117.03
brazil,2019,8,117.44
brazil,2019,11,118.89
brazil,2020,2,117.55
brazil,2020,5,121.93
brazil,2020,8,117.96
brazil,2020,11,122.57
brazil,2021,2,119.26
brazil,2021,5,119.76
brazil,2021,8,119.88
brazil,2021,11,121.05
brazil,2022,2,125.09
brazil,2022,5,125.45
brazil,2022,8,124.46
brazil,2022,11,124.81
brazil,2023,1,125.1
brazil,2023,2,126.17
brazil,2023,3,133.46
brazil,2023,4,134.71
brazil,2023,5,134.92
brazil,2023,6,137.29
brazil,2023,7,137.38
brazil,2023,8,135.44
brazil,2023,9,134.72
brazil,2023,10,133.82
brazil,2023,11,134.63
brazil,2023,12,134.69
brazil,2024,1,137.18
brazil,2024,2,137.62
brazil,2024,3,142.33
brazil,2024,4,142.84
brazil,2024,5,141.78
brazil,2024,6,144.69
brazil,2024,7,157.03
brazil,2024,8,155.68
brazil,2024,9,156.56
brazil,2024,10,155.63
brazil,2024,11,154.65
brazil,2024,12,155.42
brazil,2025,1,155.01
brazil,2025,2,155.51
brazil,2025,3,150.37
brazil,2025,4,154.11
brazil,2025,5,155.25
brazil,2025,6,155.55
brazil,2025,7,158.76
brazil,2025,8,160.08
brazil,2025,9,160.13
brazil,2025,10,159.83
brazil,2025,11,165.18
brazil,2025,12,164.46
brazil,2026,1,164.49
brazil,2026,2,164.47
brazil,2026,3,164.43
canada,2006,2,157.45
canada,2006,5,158.76
canada,2006,8,151.37
canada,2006,11,153.18
canada,2007,2,150.28
canada,2007,5,147.1
canada,2007,8,144.77
canada,2007,11,150.12
canada,2008,2,152.1
canada,2008,5,162.66
canada,2008,8,155.22
canada,2008,11,150.88
canada,2009,2,150.79
canada,2009,5,153.49
canada,2009,8,138.6
canada,2009,11,141.09
canada,2010,2,138.4
canada,2010,5,137.63
canada,2010,8,142.12
canada,2010,11,147.1
canada,2011,2,151.17
canada,2011,5,157.27
canada,2011,8,153.93
canada,2011,11,143.81
canada,2012,2,141.9
canada,2012,5,138.03
canada,2012,8,144.0
canada,2012,11,145.57
canada,2013,2,143.97
canada,2013,5,147.77
canada,2013,8,153.56
canada,2013,11,157.36
canada,2014,2,162.45
canada,2014,5,163.05
canada,2014,8,151.49
canada,2014,11,150.9
canada,2015,2,150.7
canada,2015,5,149.23
canada,2015,8,150.88
canada,2015,11,158.75
canada,2016,2,152.27
canada,2016,5,158.14
canada,2016,8,154.48
canada,2016,11,154.47
canada,2017,2,154.8
canada,2017,5,162.37
canada,2017,8,161.35
canada,2017,11,163.1
canada,2018,2,160.19
canada,2018,5,161.88
canada,2018,8,159.34
canada,2018,11,158.23
canada,2019,2,156.43
canada,2019,5,160.69
canada,2019,8,160.57
canada,2019,11,160.88
canada,2020,2,163.13
canada,2020,5,160.63
canada,2020,8,156.46
canada,2020,11,159.9
canada,2021,2,159.21
canada,2021,5,155.68
canada,2021,8,155.27
canada,2021,11,162.17
canada,2022,2,162.93
canada,2022,5,167.45
canada,2022,8,161.68
canada,2022,11,160.67
canada,2023,1,153.78
canada,2023,2,154.29
canada,2023,3,156.15
canada,2023,4,154.1
canada,2023,5,155.22
canada,2023,6,156.89
canada,2023,7,154.46
canada,2023,8,152.46
canada,2023,9,157.38
canada,2023,10,159.52
canada,2023,11,159.63
canada,2023,12,160.9
canada,2024,1,162.0
canada,2024,2,157.05
canada,2024,3,153.35
canada,2024,4,153.37
canada,2024,5,155.31
canada,2024,6,154.91
canada,2024,7,151.42
canada,2024,8,152.49
canada,2024,9,152.16
canada,2024,10,153.79
canada,2024,11,154.12
canada,2024,12,154.84
canada,2025,1,161.01
canada,2025,2,166.82
canada,2025,3,163.09
canada,2025,4,160.06
canada,2025,5,156.23
canada,2025,6,157.56
canada,2025,7,157.99
canada,2025,8,157.74
canada,2025,9,157.23
canada,2025,10,155.0
canada,2025,11,157.33
canada,2025,12,165.59
canada,2026,1,160.56
canada,2026,2,160.53
canada,2026,3,162.18
china,2006,2,717.71
china,2006,5,736.64
china,2006,8,746.91
china,2006,11,749.39
china,2007,2,763.56
china,2007,5,779.77
china,2007,8,809.9
china,2007,11,824.09
china,2008,2,821.64
china,2008,5,828.8
china,2008,8,842.47
china,2008,11,822.89
china,2009,2,791.11
china,2009,5,795.5
china,2009,8,787.29
china,2009,11,790.2
china,2010,2,786.14
china,2010,5,823.23
china,2010,8,885.67
china,2010,11,886.56
china,2011,2,897.68
china,2011,5,926.62
china,2011,8,910.6
china,2011,11,902.56
china,2012,2,877.54
china,2012,5,885.89
china,2012,8,896.94
china,2012,11,907.8
china,2013,2,886.94
china,2013,5,888.03
china,2013,8,896.63
china,2013,11,891.76
china,2014,2,865.03
china,2014,5,881.3
china,2014,8,892.1
china,2014,11,894.95
china,2015,2,895.47
china,2015,5,911.47
china,2015,8,930.1
china,2015,11,925.12
china,2016,2,924.43
china,2016,5,917.1
china,2016,8,914.36
china,2016,11,900.15
china,2017,2,901.95
china,2017,5,917.79
china,2017,8,945.05
china,2017,11,951.76
china,2018,2,965.66
china,2018,5,995.35
china,2018,8,990.93
china,2018,11,990.99
china,2019,2,985.64
china,2019,5,1004.43
china,2019,8,1004.78
china,2019,11,1004.04
china,2020,2,1002.65
china,2020,5,982.03
china,2020,8,1013.36
china,2020,11,1030.24
china,2021,2,1045.98
china,2021,5,1086.99
china,2021,8,1106.76
china,2021,11,1115.46
china,2022,2,1122.26
china,2022,5,1126.2
china,2022,8,1154.26
china,2022,11,1175.54
china,2023,1,1164.64
china,2023,2,1155.72
china,2023,3,1157.31
china,2023,4,1160.16
china,2023,5,1168.0
china,2023,6,1171.5
china,2023,7,1178.07
china,2023,8,1180.59
china,2023,9,1188.66
china,2023,10,1193.18
china,2023,11,1191.26
china,2023,12,1193.79
china,2024,1,1192.82
china,2024,2,1187.09
china,2024,3,1184.48
china,2024,4,1187.62
china,2024,5,1189.51
china,2024,6,1210.86
china,2024,7,1220.53
china,2024,8,1227.94
china,2024,9,1226.03
china,2024,10,1240.12
china,2024,11,1258.41
china,2024,12,1252.83
china,2025,1,1259.99
china,2025,2,1281.66
china,2025,3,1277.55
china,2025,4,1291.55
china,2025,5,1286.51
china,2025,6,1295.8
china,2025,7,1292.91
china,2025,8,1300.97
china,2025,9,1307.3
china,2025,10,1313.33
china,2025,11,1307.47
china,2025,12,1317.02
china,2026,1,1324.59
china,2026,2,1324.5
china,2026,3,1318.79
france,2006,2,298.78
france,2006,5,296.4
france,2006,8,295.91
france,2006,11,298.74
france,2007,2,304.16
france,2007,5,297.79
france,2007,8,302.8
france,2007,11,309.5
france,2008,2,314.38
france,2008,5,308.68
france,2008,8,293.86
france,2008,11,288.38
france,2009,2,278.22
france,2009,5,283.49
france,2009,8,277.87
france,2009,11,280.85
france,2010,2,278.96
france,2010,5,280.87
france,2010,8,285.47
france,2010,11,285.98
france,2011,2,284.28
france,2011,5,282.01
france,2011,8,274.83
france,2011,11,265.22
france,2012,2,270.77
france,2012,5,265.61
france,2012,8,263.64
france,2012,11,275.76
france,2013,2,285.74
france,2013,5,288.18
france,2013,8,297.29
france,2013,11,294.42
france,2014,2,300.33
france,2014,5,302.35
france,2014,8,299.37
france,2014,11,292.23
france,2015,2,296.57
france,2015,5,300.1
france,2015,8,302.46
france,2015,11,300.3
france,2016,2,298.93
france,2016,5,288.65
france,2016,8,285.1
france,2016,11,280.08
france,2017,2,279.85
france,2017,5,283.37
france,2017,8,291.97
france,2017,11,295.38
france,2018,2,288.44
france,2018,5,288.96
france,2018,8,279.26
france,2018,11,284.8
france,2019,2,286.29
france,2019,5,283.62
france,2019,8,271.99
france,2019,11,295.08
france,2020,2,284.98
france,2020,5,284.81
france,2020,8,272.08
france,2020,11,271.94
france,2021,2,278.79
france,2021,5,271.26
france,2021,8,261.74
france,2021,11,257.66
france,2022,2,261.03
france,2022,5,248.65
france,2022,8,248.75
france,2022,11,251.67
france,2023,1,248.61
france,2023,2,250.83
france,2023,3,254.57
france,2023,4,260.13
france,2023,5,258.05
france,2023,6,259.09
france,2023,7,266.02
france,2023,8,264.37
france,2023,9,271.0
france,2023,10,270.4
france,2023,11,269.67
france,2023,12,266.6
france,2024,1,266.58
france,2024,2,264.9
france,2024,3,264.59
france,2024,4,265.64
france,2024,5,263.41
france,2024,6,265.49
france,2024,7,266.24
france,2024,8,264.91
france,2024,9,265.36
france,2024,10,265.98
france,2024,11,266.57
france,2024,12,263.75
france,2025,1,264.43
france,2025,2,266.17
france,2025,3,267.27
france,2025,4,264.88
france,2025,5,263.36
france,2025,6,265.63
france,2025,7,266.09
france,2025,8,259.24
france,2025,9,258.51
france,2025,10,259.75
france,2025,11,260.75
france,2025,12,262.57
france,2026,1,263.53
france,2026,2,268.22
france,2026,3,269.67
germany,2006,2,464.47
germany,2006,5,480.05
germany,2006,8,481.77
germany,2006,11,474.68
germany,2007,2,469.94
germany,2007,5,463.76
germany,2007,8,471.45
germany,2007,11,479.3
germany,2008,2,488.35
germany,2008,5,479.21
germany,2008,8,477.37
germany,2008,11,482.48
germany,2009,2,470.65
germany,2009,5,446.27
germany,2009,8,428.72
germany,2009,11,419.48
germany,2010,2,415.6
germany,2010,5,429.13
germany,2010,8,431.02
germany,2010,11,412.35
germany,2011,2,415.98
germany,2011,5,438.72
germany,2011,8,426.68
germany,2011,11,418.47
germany,2012,2,411.33
germany,2012,5,413.7
germany,2012,8,421.29
germany,2012,11,401.21
germany,2013,2,399.3
germany,2013,5,408.69
germany,2013,8,409.65
germany,2013,11,406.59
germany,2014,2,399.35
germany,2014,5,398.27
germany,2014,8,397.27
germany,2014,11,386.35
germany,2015,2,392.04
germany,2015,5,398.61
germany,2015,8,407.15
germany,2015,11,407.77
germany,2016,2,405.59
germany,2016,5,397.64
germany,2016,8,393.12
germany,2016,11,387.49
germany,2017,2,381.04
germany,2017,5,374.29
germany,2017,8,367.32
germany,2017,11,371.43
germany,2018,2,374.1
germany,2018,5,379.16
germany,2018,8,366.52
germany,2018,11,357.13
germany,2019,2,357.05
germany,2019,5,354.36
germany,2019,8,353.07
germany,2019,11,354.78
germany,2020,2,345.98
germany,2020,5,332.56
germany,2020,8,332.94
germany,2020,11,332.44
germany,2021,2,337.96
germany,2021,5,337.72
germany,2021,8,341.86
germany,2021,11,346.89
germany,2022,2,348.4
germany,2022,5,341.88
germany,2022,8,335.47
germany,2022,11,327.24
germany,2023,1,324.18
germany,2023,2,316.23
germany,2023,3,317.82
germany,2023,4,316.23
germany,2023,5,315.7
germany,2023,6,317.09
germany,2023,7,314.75
germany,2023,8,317.8
germany,2023,9,319.93
germany,2023,10,317.32
germany,2023,11,317.76
germany,2023,12,313.89
germany,2024,1,312.29
germany,2024,2,305.06
germany,2024,3,304.37
germany,2024,4,304.08
germany,2024,5,305.18
germany,2024,6,305.21
germany,2024,7,306.38
germany,2024,8,301.71
germany,2024,9,303.91
germany,2024,10,307.7
germany,2024,11,306.11
germany,2024,12,305.65
germany,2025,1,308.41
germany,2025,2,316.33
germany,2025,3,317.46
germany,2025,4,321.88
germany,2025,5,321.27
germany,2025,6,321.42
germany,2025,7,322.89
germany,2025,8,324.8
germany,2025,9,322.08
germany,2025,10,319.51
germany,2025,11,317.73
germany,2025,12,320.13
germany,2026,1,318.78
germany,2026,2,321.49
germany,2026,3,321.9
india,2006,2,212.12
india,2006,5,216.67
india,2006,8,213.63
india,2006,11,211.67
india,2007,2,224.36
india,2007,5,236.88
india,2007,8,245.2
india,2007,11,244.83
india,2008,2,245.35
india,2008,5,252.56
india,2008,8,265.79
india,2008,11,262.42
india,2009,2,255.56
india,2009,5,257.53
india,2009,8,245.96
india,2009,11,249.61
india,2010,2,246.23
india,2010,5,249.32
india,2010,8,245.44
india,2010,11,242.73
india,2011,2,250.51
india,2011,5,263.54
india,2011,8,265.61
india,2011,11,260.73
india,2012,2,249.87
india,2012,5,233.94
india,2012,8,231.87
india,2012,11,235.46
india,2013,2,235.87
india,2013,5,232.49
india,2013,8,231.13
india,2013,11,233.1
india,2014,2,232.16
india,2014,5,230.61
india,2014,8,232.3
india,2014,11,239.51
india,2015,2,239.66
india,2015,5,245.11
india,2015,8,244.33
india,2015,11,252.2
india,2016,2,249.9
india,2016,5,268.5
india,2016,8,273.11
india,2016,11,259.37
india,2017,2,254.64
india,2017,5,251.28
india,2017,8,256.47
india,2017,11,253.3
india,2018,2,257.57
india,2018,5,255.86
india,2018,8,257.83
india,2018,11,255.44
india,2019,2,242.56
india,2019,5,248.32
india,2019,8,246.11
india,2019,11,245.45
india,2020,2,248.5
india,2020,5,246.25
india,2020,8,252.66
india,2020,11,256.84
india,2021,2,267.93
india,2021,5,269.9
india,2021,8,271.63
india,2021,11,272.39
india,2022,2,289.37
india,2022,5,288.28
india,2022,8,296.37
india,2022,11,306.99
india,2023,1,314.68
india,2023,2,316.23
india,2023,3,323.12
india,2023,4,321.9
india,2023,5,328.07
india,2023,6,330.97
india,2023,7,331.29
india,2023,8,339.12
india,2023,9,341.12
india,2023,10,334.47
india,2023,11,339.97
india,2023,12,339.17
india,2024,1,339.75
india,2024,2,332.21
india,2024,3,335.42
india,2024,4,334.78
india,2024,5,341.52
india,2024,6,341.24
india,2024,7,342.42
india,2024,8,343.18
india,2024,9,351.92
india,2024,10,358.5
india,2024,11,356.74
india,2024,12,360.39
india,2025,1,363.84
india,2025,2,394.83
india,2025,3,397.19
india,2025,4,403.45
india,2025,5,403.45
india,2025,6,402.64
india,2025,7,392.58
india,2025,8,397.3
india,2025,9,404.15
india,2025,10,401.8
india,2025,11,397.83
india,2025,12,397.74
india,2026,1,398.45
india,2026,2,398.35
india,2026,3,395.79
italy,2006,2,326.3
italy,2006,5,328.43
italy,2006,8,335.28
italy,2006,11,343.56
italy,2007,2,339.86
italy,2007,5,329.23
italy,2007,8,332.12
italy,2007,11,332.41
italy,2008,2,323.12
italy,2008,5,321.96
italy,2008,8,327.33
italy,2008,11,330.47
italy,2009,2,337.77
italy,2009,5,338.64
italy,2009,8,306.0
italy,2009,11,295.48
italy,2010,2,293.61
italy,2010,5,288.47
italy,2010,8,294.11
italy,2010,11,304.83
italy,2011,2,305.11
italy,2011,5,301.99
italy,2011,8,302.47
italy,2011,11,294.35
italy,2012,2,292.03
italy,2012,5,289.7
italy,2012,8,284.82
italy,2012,11,288.56
italy,2013,2,276.52
italy,2013,5,282.07
italy,2013,8,285.76
italy,2013,11,283.8
italy,2014,2,287.89
italy,2014,5,289.81
italy,2014,8,284.05
italy,2014,11,282.62
italy,2015,2,294.52
italy,2015,5,287.03
italy,2015,8,292.16
italy,2015,11,285.47
italy,2016,2,291.63
italy,2016,5,287.31
italy,2016,8,290.71
italy,2016,11,287.91
italy,2017,2,292.05
italy,2017,5,289.66
italy,2017,8,284.7
italy,2017,11,288.85
italy,2018,2,289.12
italy,2018,5,280.46
italy,2018,8,285.66
italy,2018,11,285.0
italy,2019,2,282.89
italy,2019,5,289.23
italy,2019,8,282.24
italy,2019,11,277.76
italy,2020,2,268.66
italy,2020,5,275.62
italy,2020,8,284.12
italy,2020,11,274.9
italy,2021,2,262.04
italy,2021,5,265.0
italy,2021,8,275.36
italy,2021,11,276.27
italy,2022,2,274.14
italy,2022,5,270.22
italy,2022,8,271.99
italy,2022,11,276.37
italy,2023,1,274.46
italy,2023,2,277.72
italy,2023,3,283.67
italy,2023,4,287.35
italy,2023,5,286.13
italy,2023,6,283.05
italy,2023,7,288.07
italy,2023,8,291.38
italy,2023,9,296.9
italy,2023,10,294.54
italy,2023,11,294.5
italy,2023,12,294.74
italy,2024,1,294.92
italy,2024,2,282.99
italy,2024,3,284.94
italy,2024,4,288.21
italy,2024,5,286.62
italy,2024,6,287.49
italy,2024,7,283.88
italy,2024,8,283.66
italy,2024,9,279.55
italy,2024,10,281.08
italy,2024,11,282.32
italy,2024,12,283.24
italy,2025,1,286.99
italy,2025,2,287.54
italy,2025,3,286.41
italy,2025,4,283.88
italy,2025,5,282.79
italy,2025,6,283.9
italy,2025,7,286.56
italy,2025,8,290.78
italy,2025,9,292.29
italy,2025,10,293.74
italy,2025,11,291.02
italy,2025,12,289.62
italy,2026,1,287.67
italy,2026,2,289.15
italy,2026,3,287.99
japan,2006,2,499.27
japan,2006,5,524.54
japan,2006,8,527.52
japan,2006,11,527.05
japan,2007,2,523.52
japan,2007,5,513.39
japan,2007,8,511.05
japan,2007,11,511.49
japan,2008,2,504.81
japan,2008,5,493.93
japan,2008,8,493.78
japan,2008,11,491.27
japan,2009,2,473.92
japan,2009,5,456.13
japan,2009,8,461.04
japan,2009,11,463.81
japan,2010,2,464.36
japan,2010,5,478.15
japan,2010,8,486.23
japan,2010,11,474.37
japan,2011,2,469.72
japan,2011,5,472.39
japan,2011,8,461.44
japan,2011,11,447.72
japan,2012,2,441.92
japan,2012,5,434.37
japan,2012,8,438.09
japan,2012,11,442.8
japan,2013,2,437.88
japan,2013,5,431.6
japan,2013,8,435.46
japan,2013,11,426.03
japan,2014,2,412.09
japan,2014,5,411.3
japan,2014,8,421.36
japan,2014,11,434.17
japan,2015,2,431.2
japan,2015,5,428.35
japan,2015,8,433.78
japan,2015,11,424.31
japan,2016,2,431.7
japan,2016,5,424.06
japan,2016,8,413.44
japan,2016,11,398.12
japan,2017,2,401.1
japan,2017,5,390.16
japan,2017,8,394.95
japan,2017,11,400.51
japan,2018,2,396.56
japan,2018,5,398.96
japan,2018,8,394.13
japan,2018,11,411.46
japan,2019,2,411.51
japan,2019,5,409.12
japan,2019,8,408.02
japan,2019,11,420.8
japan,2020,2,411.53
japan,2020,5,413.26
japan,2020,8,414.23
japan,2020,11,406.26
japan,2021,2,402.42
japan,2021,5,393.47
japan,2021,8,391.85
japan,2021,11,388.99
japan,2022,2,384.22
japan,2022,5,387.51
japan,2022,8,388.77
japan,2022,11,404.03
japan,2023,1,400.61
japan,2023,2,401.73
japan,2023,3,407.63
japan,2023,4,408.01
japan,2023,5,412.81
japan,2023,6,410.66
japan,2023,7,412.98
japan,2023,8,414.58
japan,2023,9,416.97
japan,2023,10,416.24
japan,2023,11,415.05
japan,2023,12,417.27
japan,2024,1,419.0
japan,2024,2,420.86
japan,2024,3,422.13
japan,2024,4,422.25
japan,2024,5,423.47
japan,2024,6,424.58
japan,2024,7,421.15
japan,2024,8,412.95
japan,2024,9,410.72
japan,2024,10,410.9
japan,2024,11,412.91
japan,2024,12,410.43
japan,2025,1,409.85
japan,2025,2,410.2
japan,2025,3,411.12
japan,2025,4,415.35
japan,2025,5,422.24
japan,2025,6,422.32
japan,2025,7,428.42
japan,2025,8,428.22
japan,2025,9,430.82
japan,2025,10,423.38
japan,2025,11,423.56
japan,2025,12,427.18
japan,2026,1,423.97
japan,2026,2,420.91
japan,2026,3,420.84
mexico,2006,2,143.57
mexico,2006,5,142.38
mexico,2006,8,139.67
mexico,2006,11,142.53
mexico,2007,2,138.61
mexico,2007,5,143.59
mexico,2007,8,142.52
mexico,2007,11,141.7
mexico,2008,2,151.41
mexico,2008,5,154.33
mexico,2008,8,156.61
mexico,2008,11,161.29
mexico,2009,2,164.2
mexico,2009,5,162.29
mexico,2009,8,150.69
mexico,2009,11,146.59
mexico,2010,2,146.98
mexico,2010,5,153.24
mexico,2010,8,158.43
mexico,2010,11,163.45
mexico,2011,2,162.51
mexico,2011,5,162.53
mexico,2011,8,155.93
mexico,2011,11,164.09
mexico,2012,2,152.5
mexico,2012,5,147.44
mexico,2012,8,155.96
mexico,2012,11,159.5
mexico,2013,2,161.06
mexico,2013,5,164.75
mexico,2013,8,168.71
mexico,2013,11,166.65
mexico,2014,2,159.52
mexico,2014,5,160.45
mexico,2014,8,167.26
mexico,2014,11,168.96
mexico,2015,2,173.04
mexico,2015,5,170.29
mexico,2015,8,169.68
mexico,2015,11,175.71
mexico,2016,2,173.38
mexico,2016,5,174.27
mexico,2016,8,169.71
mexico,2016,11,161.05
mexico,2017,2,160.31
mexico,2017,5,160.36
mexico,2017,8,166.02
mexico,2017,11,165.26
mexico,2018,2,164.2
mexico,2018,5,162.19
mexico,2018,8,165.86
mexico,2018,11,166.01
mexico,2019,2,167.2
mexico,2019,5,167.22
mexico,2019,8,172.27
mexico,2019,11,180.56
mexico,2020,2,178.85
mexico,2020,5,177.07
mexico,2020,8,173.79
mexico,2020,11,176.1
mexico,2021,2,179.28
mexico,2021,5,170.47
mexico,2021,8,174.39
mexico,2021,11,172.37
mexico,2022,2,173.11
mexico,2022,5,162.03
mexico,2022,8,169.96
mexico,2022,11,176.15
mexico,2023,1,177.29
mexico,2023,2,178.41
mexico,2023,3,170.13
mexico,2023,4,179.69
mexico,2023,5,176.47
mexico,2023,6,173.35
mexico,2023,7,181.09
mexico,2023,8,181.62
mexico,2023,9,181.34
mexico,2023,10,184.53
mexico,2023,11,184.7
mexico,2023,12,188.44
mexico,2024,1,189.4
mexico,2024,2,189.44
mexico,2024,3,190.19
mexico,2024,4,190.13
mexico,2024,5,187.24
mexico,2024,6,194.38
mexico,2024,7,199.48
mexico,2024,8,199.65
mexico,2024,9,193.01
mexico,2024,10,193.37
mexico,2024,11,189.17
mexico,2024,12,181.74
mexico,2025,1,187.58
mexico,2025,2,189.95
mexico,2025,3,188.23
mexico,2025,4,187.34
mexico,2025,5,190.87
mexico,2025,6,184.85
mexico,2025,7,190.36
mexico,2025,8,190.88
mexico,2025,9,192.31
mexico,2025,10,190.13
mexico,2025,11,193.39
mexico,2025,12,193.2
mexico,2026,1,190.4
mexico,2026,2,193.03
mexico,2026,3,192.93
south_korea,2006,2,428.35
south_korea,2006,5,431.48
south_korea,2006,8,432.31
south_korea,2006,11,438.43
south_korea,2007,2,444.98
south_korea,2007,5,443.68
south_korea,2007,8,453.91
south_korea,2007,11,465.23
south_korea,2008,2,457.76
south_korea,2008,5,456.89
south_korea,2008,8,461.16
south_korea,2008,11,458.14
south_korea,2009,2,470.67
south_korea,2009,5,474.85
south_korea,2009,8,456.55
south_korea,2009,11,457.08
south_korea,2010,2,455.58
south_korea,2010,5,478.93
south_korea,2010,8,518.0
south_korea,2010,11,509.76
south_korea,2011,2,513.73
south_korea,2011,5,530.35
south_korea,2011,8,528.61
south_korea,2011,11,519.93
south_korea,2012,2,500.69
south_korea,2012,5,506.11
south_korea,2012,8,519.58
south_korea,2012,11,527.63
south_korea,2013,2,525.49
south_korea,2013,5,520.25
south_korea,2013,8,517.53
south_korea,2013,11,520.48
south_korea,2014,2,507.39
south_korea,2014,5,506.76
south_korea,2014,8,503.9
south_korea,2014,11,508.88
south_korea,2015,2,519.49
south_korea,2015,5,529.7
south_korea,2015,8,541.55
south_korea,2015,11,529.39
south_korea,2016,2,536.18
south_korea,2016,5,536.45
south_korea,2016,8,546.43
south_korea,2016,11,526.65
south_korea,2017,2,528.12
south_korea,2017,5,536.44
south_korea,2017,8,542.2
south_korea,2017,11,543.29
south_korea,2018,2,545.63
south_korea,2018,5,555.17
south_korea,2018,8,555.98
south_korea,2018,11,553.32
south_korea,2019,2,556.09
south_korea,2019,5,568.42
south_korea,2019,8,565.51
south_korea,2019,11,559.26
south_korea,2020,2,558.91
south_korea,2020,5,543.01
south_korea,2020,8,549.61
south_korea,2020,11,555.81
south_korea,2021,2,552.78
south_korea,2021,5,560.26
south_korea,2021,8,561.54
south_korea,2021,11,583.06
south_korea,2022,2,587.34
south_korea,2022,5,582.03
south_korea,2022,8,598.74
south_korea,2022,11,596.68
south_korea,2023,1,604.84
south_korea,2023,2,601.17
south_korea,2023,3,606.35
south_korea,2023,4,612.49
south_korea,2023,5,622.06
south_korea,2023,6,623.43
south_korea,2023,7,630.62
south_korea,2023,8,638.07
south_korea,2023,9,636.36
south_korea,2023,10,642.03
south_korea,2023,11,639.46
south_korea,2023,12,640.97
south_korea,2024,1,636.81
south_korea,2024,2,640.26
south_korea,2024,3,643.96
south_korea,2024,4,642.6
south_korea,2024,5,640.6
south_korea,2024,6,640.8
south_korea,2024,7,637.85
south_korea,2024,8,639.1
south_korea,2024,9,636.28
south_korea,2024,10,639.29
south_korea,2024,11,640.54
south_korea,2024,12,639.84
south_korea,2025,1,640.67
south_korea,2025,2,629.21
south_korea,2025,3,622.77
south_korea,2025,4,626.46
south_korea,2025,5,626.51
south_korea,2025,6,624.66
south_korea,2025,7,622.82
south_korea,2025,8,618.54
south_korea,2025,9,625.36
south_korea,2025,10,630.55
south_korea,2025,11,632.05
south_korea,2025,12,631.28
south_korea,2026,1,633.41
south_korea,2026,2,636.15
south_korea,2026,3,637.6
russia,2006,2,125.43
russia,2006,5,131.12
russia,2006,8,129.71
russia,2006,11,133.46
russia,2007,2,137.77
russia,2007,5,135.91
russia,2007,8,139.3
russia,2007,11,148.46
russia,2008,2,151.51
russia,2008,5,151.12
russia,2008,8,148.28
russia,2008,11,160.53
russia,2009,2,160.69
russia,2009,5,156.89
russia,2009,8,139.45
russia,2009,11,142.49
russia,2010,2,148.57
russia,2010,5,153.71
russia,2010,8,162.79
russia,2010,11,161.04
russia,2011,2,161.73
russia,2011,5,161.92
russia,2011,8,174.74
russia,2011,11,178.72
russia,2012,2,185.54
russia,2012,5,218.45
russia,2012,8,225.02
russia,2012,11,232.81
russia,2013,2,231.34
russia,2013,5,225.09
russia,2013,8,229.6
russia,2013,11,235.5
russia,2014,2,235.83
russia,2014,5,241.24
russia,2014,8,234.24
russia,2014,11,232.95
russia,2015,2,228.74
russia,2015,5,223.54
russia,2015,8,217.11
russia,2015,11,233.92
russia,2016,2,229.87
russia,2016,5,210.22
russia,2016,8,203.71
russia,2016,11,206.06
russia,2017,2,210.37
russia,2017,5,208.04
russia,2017,8,202.85
russia,2017,11,209.32
russia,2018,2,207.4
russia,2018,5,201.1
russia,2018,8,197.43
russia,2018,11,200.36
russia,2019,2,199.66
russia,2019,5,191.6
russia,2019,8,187.73
russia,2019,11,192.09
russia,2020,2,181.33
russia,2020,5,164.34
russia,2020,8,160.89
russia,2020,11,171.09
russia,2021,2,179.27
russia,2021,5,174.38
russia,2021,8,179.7
russia,2021,11,178.85
russia,2022,2,179.96
russia,2022,5,121.32
russia,2022,8,112.76
russia,2022,11,124.49
russia,2023,1,111.94
russia,2023,2,119.5
russia,2023,3,136.25
russia,2023,4,139.69
russia,2023,5,144.91
russia,2023,6,151.41
russia,2023,7,156.6
russia,2023,8,159.98
russia,2023,9,161.89
russia,2023,10,164.48
russia,2023,11,163.84
russia,2023,12,162.64
russia,2024,1,167.26
russia,2024,2,166.09
russia,2024,3,160.77
russia,2024,4,162.43
russia,2024,5,163.14
russia,2024,6,166.84
russia,2024,7,161.77
russia,2024,8,160.4
russia,2024,9,154.97
russia,2024,10,161.46
russia,2024,11,163.98
russia,2024,12,164.82
russia,2025,1,163.47
russia,2025,2,164.94
russia,2025,3,163.54
russia,2025,4,166.94
russia,2025,5,164.82
russia,2025,6,180.55
russia,2025,7,175.23
russia,2025,8,172.98
russia,2025,9,169.08
russia,2025,10,174.94
russia,2025,11,173.8
russia,2025,12,177.81
russia,2026,1,183.58
russia,2026,2,179.75
russia,2026,3,180.37
south_africa,2006,2,126.73
south_africa,2006,5,128.46
south_africa,2006,8,130.46
south_africa,2006,11,136.18
south_africa,2007,2,142.53
south_africa,2007,5,140.17
south_africa,2007,8,149.14
south_africa,2007,11,143.67
south_africa,2008,2,146.65
south_africa,2008,5,144.99
south_africa,2008,8,150.15
south_africa,2008,11,147.39
south_africa,2009,2,143.97
south_africa,2009,5,141.67
south_africa,2009,8,147.01
south_africa,2009,11,149.86
south_africa,2010,2,147.74
south_africa,2010,5,153.43
south_africa,2010,8,156.74
south_africa,2010,11,156.55
south_africa,2011,2,162.15
south_africa,2011,5,156.38
south_africa,2011,8,147.87
south_africa,2011,11,144.52
south_africa,2012,2,138.42
south_africa,2012,5,131.87
south_africa,2012,8,136.85
south_africa,2012,11,129.93
south_africa,2013,2,137.36
south_africa,2013,5,142.54
south_africa,2013,8,147.25
south_africa,2013,11,144.5
south_africa,2014,2,137.89
south_africa,2014,5,145.08
south_africa,2014,8,144.87
south_africa,2014,11,144.25
south_africa,2015,2,142.71
south_africa,2015,5,139.64
south_africa,2015,8,131.55
south_africa,2015,11,130.56
south_africa,2016,2,134.74
south_africa,2016,5,126.5
south_africa,2016,8,126.69
south_africa,2016,11,122.92
south_africa,2017,2,123.3
south_africa,2017,5,125.33
south_africa,2017,8,121.93
south_africa,2017,11,126.37
south_africa,2018,2,118.21
south_africa,2018,5,119.26
south_africa,2018,8,120.48
south_africa,2018,11,115.52
south_africa,2019,2,116.76
south_africa,2019,5,114.5
south_africa,2019,8,113.34
south_africa,2019,11,115.88
south_africa,2020,2,114.99
south_africa,2020,5,114.18
south_africa,2020,8,117.28
south_africa,2020,11,113.35
south_africa,2021,2,114.84
south_africa,2021,5,114.36
south_africa,2021,8,112.37
south_africa,2021,11,108.14
south_africa,2022,2,112.74
south_africa,2022,5,110.76
south_africa,2022,8,112.36
south_africa,2022,11,103.31
south_africa,2023,1,98.31
south_africa,2023,2,99.58
south_africa,2023,3,102.48
south_africa,2023,4,110.9
south_africa,2023,5,113.6
south_africa,2023,6,115.16
south_africa,2023,7,117.77
south_africa,2023,8,116.12
south_africa,2023,9,111.84
south_africa,2023,10,112.74
south_africa,2023,11,112.19
south_africa,2023,12,108.72
south_africa,2024,1,112.72
south_africa,2024,2,107.21
south_africa,2024,3,109.06
south_africa,2024,4,103.46
south_africa,2024,5,109.96
south_africa,2024,6,109.89
south_africa,2024,7,106.97
south_africa,2024,8,107.3
south_africa,2024,9,105.12
south_africa,2024,10,101.0
south_africa,2024,11,99.27
south_africa,2024,12,99.34
south_africa,2025,1,103.56
south_africa,2025,2,104.55
south_africa,2025,3,101.63
south_africa,2025,4,101.55
south_africa,2025,5,106.18
south_africa,2025,6,107.2
south_africa,2025,7,116.37
south_africa,2025,8,107.47
south_africa,2025,9,104.64
south_africa,2025,10,105.56
south_africa,2025,11,103.22
south_africa,2025,12,107.4
south_africa,2026,1,113.14
south_africa,2026,2,118.04
south_africa,2026,3,117.87
turkiye,2006,2,163.39
turkiye,2006,5,162.12
turkiye,2006,8,172.27
turkiye,2006,11,174.52
turkiye,2007,2,167.55
turkiye,2007,5,171.21
turkiye,2007,8,177.78
turkiye,2007,11,182.47
turkiye,2008,2,195.04
turkiye,2008,5,194.95
turkiye,2008,8,191.95
turkiye,2008,11,187.23
turkiye,2009,2,179.73
turkiye,2009,5,159.11
turkiye,2009,8,170.84
turkiye,2009,11,169.29
turkiye,2010,2,168.59
turkiye,2010,5,167.45
turkiye,2010,8,175.38
turkiye,2010,11,180.53
turkiye,2011,2,186.74
turkiye,2011,5,187.68
turkiye,2011,8,192.87
turkiye,2011,11,187.39
turkiye,2012,2,194.88
turkiye,2012,5,200.84
turkiye,2012,8,209.43
turkiye,2012,11,219.59
turkiye,2013,2,217.07
turkiye,2013,5,219.95
turkiye,2013,8,217.6
turkiye,2013,11,216.01
turkiye,2014,2,220.27
turkiye,2014,5,217.91
turkiye,2014,8,219.91
turkiye,2014,11,226.06
turkiye,2015,2,226.47
turkiye,2015,5,220.14
turkiye,2015,8,220.4
turkiye,2015,11,217.03
turkiye,2016,2,216.95
turkiye,2016,5,218.0
turkiye,2016,8,220.75
turkiye,2016,11,225.74
turkiye,2017,2,227.97
turkiye,2017,5,227.15
turkiye,2017,8,230.56
turkiye,2017,11,238.45
turkiye,2018,2,242.1
turkiye,2018,5,236.03
turkiye,2018,8,235.36
turkiye,2018,11,231.43
turkiye,2019,2,229.04
turkiye,2019,5,229.76
turkiye,2019,8,228.43
turkiye,2019,11,232.19
turkiye,2020,2,225.81
turkiye,2020,5,230.07
turkiye,2020,8,227.97
turkiye,2020,11,225.97
turkiye,2021,2,231.22
turkiye,2021,5,230.75
turkiye,2021,8,229.37
turkiye,2021,11,234.64
turkiye,2022,2,246.25
turkiye,2022,5,246.85
turkiye,2022,8,250.69
turkiye,2022,11,263.91
turkiye,2023,1,264.46
turkiye,2023,2,272.95
turkiye,2023,3,264.84
turkiye,2023,4,267.86
turkiye,2023,5,270.86
turkiye,2023,6,276.82
turkiye,2023,7,282.49
turkiye,2023,8,287.57
turkiye,2023,9,286.58
turkiye,2023,10,284.75
turkiye,2023,11,284.5
turkiye,2023,12,282.15
turkiye,2024,1,281.68
turkiye,2024,2,286.94
turkiye,2024,3,284.49
turkiye,2024,4,288.64
turkiye,2024,5,283.16
turkiye,2024,6,280.65
turkiye,2024,7,276.2
turkiye,2024,8,275.21
turkiye,2024,9,270.08
turkiye,2024,10,273.29
turkiye,2024,11,275.94
turkiye,2024,12,288.75
turkiye,2025,1,289.98
turkiye,2025,2,299.23
turkiye,2025,3,302.25
turkiye,2025,4,302.85
turkiye,2025,5,318.5
turkiye,2025,6,316.42
turkiye,2025,7,317.25
turkiye,2025,8,319.84
turkiye,2025,9,314.02
turkiye,2025,10,306.33
turkiye,2025,11,301.12
turkiye,2025,12,299.14
turkiye,2026,1,305.57
turkiye,2026,2,307.72
turkiye,2026,3,307.9
united_kingdom,2006,2,488.02
united_kingdom,2006,5,498.17
united_kingdom,2006,8,500.67
united_kingdom,2006,11,506.75
united_kingdom,2007,2,497.23
united_kingdom,2007,5,487.51
united_kingdom,2007,8,475.95
united_kingdom,2007,11,474.94
united_kingdom,2008,2,474.45
united_kingdom,2008,5,477.86
united_kingdom,2008,8,468.74
united_kingdom,2008,11,448.1
united_kingdom,2009,2,450.42
united_kingdom,2009,5,454.0
united_kingdom,2009,8,427.26
united_kingdom,2009,11,424.89
united_kingdom,2010,2,421.35
united_kingdom,2010,5,422.81
united_kingdom,2010,8,423.99
united_kingdom,2010,11,417.42
united_kingdom,2011,2,433.18
united_kingdom,2011,5,421.68
united_kingdom,2011,8,409.94
united_kingdom,2011,11,410.32
united_kingdom,2012,2,403.67
united_kingdom,2012,5,389.6
united_kingdom,2012,8,382.65
united_kingdom,2012,11,381.27
united_kingdom,2013,2,378.63
united_kingdom,2013,5,376.68
united_kingdom,2013,8,379.63
united_kingdom,2013,11,373.41
united_kingdom,2014,2,382.37
united_kingdom,2014,5,395.4
united_kingdom,2014,8,409.6
united_kingdom,2014,11,396.52
united_kingdom,2015,2,404.02
united_kingdom,2015,5,402.08
united_kingdom,2015,8,400.83
united_kingdom,2015,11,404.76
united_kingdom,2016,2,408.22
united_kingdom,2016,5,412.1
united_kingdom,2016,8,404.18
united_kingdom,2016,11,390.54
united_kingdom,2017,2,401.52
united_kingdom,2017,5,400.63
united_kingdom,2017,8,403.74
united_kingdom,2017,11,397.64
united_kingdom,2018,2,395.65
united_kingdom,2018,5,405.81
united_kingdom,2018,8,401.18
united_kingdom,2018,11,390.32
united_kingdom,2019,2,400.13
united_kingdom,2019,5,395.02
united_kingdom,2019,8,398.73
united_kingdom,2019,11,400.64
united_kingdom,2020,2,386.94
united_kingdom,2020,5,371.21
united_kingdom,2020,8,384.15
united_kingdom,2020,11,391.97
united_kingdom,2021,2,395.59
united_kingdom,2021,5,384.79
united_kingdom,2021,8,376.02
united_kingdom,2021,11,381.35
united_kingdom,2022,2,379.52
united_kingdom,2022,5,385.19
united_kingdom,2022,8,375.9
united_kingdom,2022,11,386.02
united_kingdom,2023,1,378.23
united_kingdom,2023,2,371.42
united_kingdom,2023,3,371.59
united_kingdom,2023,4,373.83
united_kingdom,2023,5,374.69
united_kingdom,2023,6,374.43
united_kingdom,2023,7,375.11
united_kingdom,2023,8,374.2
united_kingdom,2023,9,376.55
united_kingdom,2023,10,373.9
united_kingdom,2023,11,374.68
united_kingdom,2023,12,384.83
united_kingdom,2024,1,384.75
united_kingdom,2024,2,377.61
united_kingdom,2024,3,373.81
united_kingdom,2024,4,380.37
united_kingdom,2024,5,380.76
united_kingdom,2024,6,380.44
united_kingdom,2024,7,382.91
united_kingdom,2024,8,375.97
united_kingdom,2024,9,377.09
united_kingdom,2024,10,380.49
united_kingdom,2024,11,379.87
united_kingdom,2024,12,381.35
united_kingdom,2025,1,393.64
united_kingdom,2025,2,390.55
united_kingdom,2025,3,389.68
united_kingdom,2025,4,390.46
united_kingdom,2025,5,391.98
united_kingdom,2025,6,395.72
united_kingdom,2025,7,401.6
united_kingdom,2025,8,396.39
united_kingdom,2025,9,391.46
united_kingdom,2025,10,384.13
united_kingdom,2025,11,390.02
united_kingdom,2025,12,392.7
united_kingdom,2026,1,398.59
united_kingdom,2026,2,390.38
united_kingdom,2026,3,393.02
united_states,2006,2,505.61
united_states,2006,5,518.29
united_states,2006,8,519.01
united_states,2006,11,510.85
united_states,2007,2,491.64
united_states,2007,5,500.43
united_states,2007,8,499.05
united_states,2007,11,482.52
united_states,2008,2,467.32
united_states,2008,5,464.46
united_states,2008,8,465.76
united_states,2008,11,467.55
united_states,2009,2,465.92
united_states,2009,5,468.28
united_states,2009,8,464.89
united_states,2009,11,449.11
united_states,2010,2,447.53
united_states,2010,5,457.66
united_states,2010,8,478.71
united_states,2010,11,480.68
united_states,2011,2,484.11
united_states,2011,5,493.96
united_states,2011,8,491.72
united_states,2011,11,467.49
united_states,2012,2,463.77
united_states,2012,5,476.05
united_states,2012,8,479.14
united_states,2012,11,482.29
united_states,2013,2,476.35
united_states,2013,5,483.49
united_states,2013,8,498.47
united_states,2013,11,501.4
united_states,2014,2,481.17
united_states,2014,5,491.61
united_states,2014,8,494.97
united_states,2014,11,484.87
united_states,2015,2,477.59
united_states,2015,5,483.06
united_states,2015,8,489.33
united_states,2015,11,486.32
united_states,2016,2,486.62
united_states,2016,5,485.25
united_states,2016,8,474.04
united_states,2016,11,455.54
united_states,2017,2,469.3
united_states,2017,5,471.23
united_states,2017,8,469.72
united_states,2017,11,469.74
united_states,2018,2,471.66
united_states,2018,5,478.07
united_states,2018,8,475.99
united_states,2018,11,475.67
united_states,2019,2,481.63
united_states,2019,5,478.04
united_states,2019,8,477.01
united_states,2019,11,486.97
united_states,2020,2,484.3
united_states,2020,5,481.97
united_states,2020,8,489.62
united_states,2020,11,493.15
united_states,2021,2,508.46
united_states,2021,5,502.22
united_states,2021,8,522.71
united_states,2021,11,535.94
united_states,2022,2,537.19
united_states,2022,5,533.47
united_states,2022,8,535.56
united_states,2022,11,523.46
united_states,2023,1,517.38
united_states,2023,2,510.4
united_states,2023,3,501.92
united_states,2023,4,516.37
united_states,2023,5,515.82
united_states,2023,6,506.77
united_states,2023,7,503.23
united_states,2023,8,506.95
united_states,2023,9,505.92
united_states,2023,10,506.32
united_states,2023,11,504.03
united_states,2023,12,504.11
united_states,2024,1,503.22
united_states,2024,2,493.77
united_states,2024,3,493.07
united_states,2024,4,492.19
united_states,2024,5,503.95
united_states,2024,6,499.56
united_states,2024,7,510.29
united_states,2024,8,513.06
united_states,2024,9,522.65
united_states,2024,10,521.04
united_states,2024,11,515.37
united_states,2024,12,508.57
united_states,2025,1,515.73
united_states,2025,2,511.29
united_states,2025,3,512.59
united_states,2025,4,517.24
united_states,2025,5,513.86
united_states,2025,6,520.2
united_states,2025,7,530.31
united_states,2025,8,527.02
united_states,2025,9,527.71
united_states,2025,10,515.46
united_states,2025,11,515.1
united_states,2025,12,514.34
united_states,2026,1,505.58
united_states,2026,2,511.02
united_states,2026,3,510.06
